worker19,worker1,72.80699276924133,13.499916791915894,59.30707597732544
worker1,worker11,0.2633180618286133,0.13855218887329102,0.12476587295532227
worker1,worker11,0.30846619606018066,0.1322472095489502,0.17621898651123047
worker19,worker1,0.39707350730895996,0.1600654125213623,0.23700809478759766
worker1,worker19,0.3220663070678711,0.13151764869689941,0.19054865837097168
worker19,worker1,0.24656319618225098,0.12595081329345703,0.12061238288879395
worker9,worker19,94.89251828193665,15.60416293144226,79.28835535049438
worker1,worker11,0.33366870880126953,0.14590692520141602,0.18776178359985352
worker19,worker1,79.99084401130676,13.45002269744873,66.54082131385803
worker1,worker11,0.26366758346557617,0.13500642776489258,0.1286611557006836
worker1,worker19,0.2798287868499756,0.14073610305786133,0.13909268379211426
worker1,worker19,0.2614564895629883,0.12356042861938477,0.13789606094360352
worker1,worker19,0.2703883647918701,0.1434006690979004,0.12698769569396973
worker1,worker19,0.28382444381713867,0.1254897117614746,0.15833473205566406
worker1,worker11,0.2793741226196289,0.13869738578796387,0.14067673683166504
worker8,worker9,15.93278956413269,15.77501130104065,0.15777826309204102
worker9,worker19,0.660076379776001,0.3469843864440918,0.3130919933319092
worker19,worker10,0.2621443271636963,0.12956953048706055,0.13257479667663574
worker19,worker10,0.26977038383483887,0.13357162475585938,0.1361987590789795
worker19,worker10,0.2653076648712158,0.13309574127197266,0.13221192359924316
worker19,worker10,0.27361392974853516,0.13291215896606445,0.1407017707824707
worker2,worker10,0.26944446563720703,0.12674689292907715,0.14269757270812988
worker2,worker10,1.495457410812378,0.8310601711273193,0.6643972396850586
worker2,worker10,0.323944091796875,0.1958761215209961,0.1280679702758789
worker2,worker10,0.4703257083892822,0.23389291763305664,0.23643279075622559
worker2,worker10,0.5176117420196533,0.2709007263183594,0.24671101570129395
worker2,worker10,0.5562951564788818,0.30638599395751953,0.2499091625213623
worker2,worker10,0.261364221572876,0.14501476287841797,0.11634945869445801
worker2,worker10,0.27185964584350586,0.12618708610534668,0.14567255973815918
worker2,worker10,0.4800999164581299,0.21131563186645508,0.2687842845916748
worker2,worker10,0.5381836891174316,0.26430344581604004,0.2738802433013916
worker2,worker10,0.5197062492370605,0.286998987197876,0.23270726203918457
worker2,worker10,0.45516180992126465,0.2449173927307129,0.21024441719055176
worker20,worker10,0.24169135093688965,0.11833310127258301,0.12335824966430664
worker15,worker4,0.24198246002197266,0.12330174446105957,0.11868071556091309
worker2,worker10,0.32172536849975586,0.1282484531402588,0.19347691535949707
worker2,worker10,0.30876708030700684,0.1473686695098877,0.16139841079711914
worker2,worker10,0.30292344093322754,0.15796804428100586,0.14495539665222168
worker2,worker10,0.28343629837036133,0.15711712837219238,0.12631916999816895
worker2,worker10,0.9306168556213379,0.4370157718658447,0.49360108375549316
worker2,worker10,0.8595232963562012,0.3542599678039551,0.5052633285522461
worker2,worker10,0.32165980339050293,0.17952895164489746,0.14213085174560547
worker2,worker10,0.7427990436553955,0.3015141487121582,0.4412848949432373
worker2,worker10,0.23601055145263672,0.12370753288269043,0.11230301856994629
worker2,worker10,0.2486124038696289,0.11851954460144043,0.13009285926818848
worker2,worker10,13.5260648727417,13.208996057510376,0.31706881523132324
worker2,worker10,0.7811744213104248,0.3070554733276367,0.4741189479827881
worker2,worker10,0.2473583221435547,0.12237811088562012,0.12498021125793457
worker2,worker10,79.30587148666382,10.971208333969116,68.3346631526947
worker2,worker10,0.3069026470184326,0.13489151000976562,0.172011137008667
worker2,worker10,0.28600430488586426,0.1388392448425293,0.14716506004333496
worker2,worker10,0.5002830028533936,0.2603576183319092,0.23992538452148438
worker10,worker7,183.93714451789856,183.90845322608948,0.02869129180908203
worker11,worker7,84.34393382072449,14.838664770126343,69.50526905059814
worker11,worker7,0.04658389091491699,0.019898176193237305,0.026685714721679688
worker11,worker7,0.042281150817871094,0.020885467529296875,0.02139568328857422
worker11,worker7,0.062483787536621094,0.03319692611694336,0.029286861419677734
worker19,worker7,0.25159168243408203,0.10135173797607422,0.1502399444580078
worker11,worker7,0.044553279876708984,0.0220794677734375,0.022473812103271484
worker11,worker7,0.036150455474853516,0.01900935173034668,0.017141103744506836
worker11,worker7,0.04208827018737793,0.01805901527404785,0.024029254913330078
worker11,worker7,0.05235552787780762,0.026443004608154297,0.02591252326965332
worker21,worker7,0.043515682220458984,0.019847869873046875,0.02366781234741211
worker19,worker7,0.03828763961791992,0.018549680709838867,0.019737958908081055
worker4,worker7,0.06626677513122559,0.026385068893432617,0.03988170623779297
worker11,worker7,0.03708291053771973,0.018996238708496094,0.018086671829223633
worker19,worker7,0.03397774696350098,0.01780843734741211,0.016169309616088867
worker15,worker7,0.03920602798461914,0.021184682846069336,0.018021345138549805
worker10,worker15,360.6514992713928,23.84882378578186,336.80267548561096
worker18,worker10,0.043988704681396484,0.024107933044433594,0.01988077163696289
worker11,worker10,0.04060530662536621,0.020856618881225586,0.019748687744140625
worker18,worker10,128.15978741645813,45.43571066856384,82.72407674789429
worker15,worker9,0.039782047271728516,0.019821643829345703,0.019960403442382812
worker10,worker18,0.03936290740966797,0.021410703659057617,0.01795220375061035
worker10,worker9,0.03478384017944336,0.018755435943603516,0.016028404235839844
worker10,worker18,0.04957938194274902,0.0241391658782959,0.025440216064453125
worker10,worker18,0.04227590560913086,0.0227203369140625,0.01955556869506836
worker10,worker15,0.047271728515625,0.023050546646118164,0.024221181869506836
worker10,worker15,0.05219244956970215,0.025170564651489258,0.02702188491821289
worker10,worker7,0.04708409309387207,0.020361900329589844,0.026722192764282227
worker10,worker15,0.04300045967102051,0.0206298828125,0.022370576858520508
worker10,worker15,0.040199995040893555,0.018924474716186523,0.02127552032470703
worker11,worker18,0.046236276626586914,0.02124500274658203,0.024991273880004883
worker10,worker7,0.050173282623291016,0.021990060806274414,0.0281832218170166
worker10,worker15,0.06269979476928711,0.030867815017700195,0.031831979751586914
worker10,worker9,0.0402371883392334,0.0219419002532959,0.0182952880859375
worker10,worker7,0.04874610900878906,0.02269744873046875,0.026048660278320312
worker10,worker9,0.04064011573791504,0.020374298095703125,0.020265817642211914
worker10,worker9,0.03979039192199707,0.021617650985717773,0.018172740936279297
worker10,worker7,0.046991825103759766,0.02417755126953125,0.022814273834228516
worker10,worker9,0.042977094650268555,0.020869016647338867,0.022108078002929688
worker10,worker18,0.135941743850708,0.09219717979431152,0.043744564056396484
worker10,worker15,0.044870615005493164,0.022221088409423828,0.022649526596069336
worker10,worker15,0.04462313652038574,0.025342941284179688,0.019280195236206055
worker11,worker4,67.44232201576233,11.217332124710083,56.224989891052246
worker11,worker4,69.46935367584229,10.041675329208374,59.42767834663391
worker8,worker4,0.04332137107849121,0.02082347869873047,0.022497892379760742
worker14,worker4,0.05302166938781738,0.026912689208984375,0.026108980178833008
worker10,worker11,148.8343381881714,80.63091349601746,68.20342469215393
worker18,worker10,0.04735898971557617,0.020044803619384766,0.027314186096191406
worker11,worker10,0.04978346824645996,0.029129981994628906,0.020653486251831055
worker11,worker10,0.04558706283569336,0.019412517547607422,0.026174545288085938
worker18,worker10,0.04410982131958008,0.024059295654296875,0.020050525665283203
worker11,worker10,0.040899038314819336,0.023092985153198242,0.017806053161621094
worker10,worker7,0.05160784721374512,0.02960991859436035,0.021997928619384766
worker10,worker7,0.04322242736816406,0.023087024688720703,0.02013540267944336
worker10,worker7,0.03789091110229492,0.018581867218017578,0.019309043884277344
worker11,worker7,0.04758477210998535,0.02739262580871582,0.02019214630126953
worker10,worker7,0.04746675491333008,0.02104330062866211,0.02642345428466797
worker10,worker7,0.04789614677429199,0.026918888092041016,0.020977258682250977
worker10,worker7,0.03632354736328125,0.01761651039123535,0.0187070369720459
worker10,worker7,0.04833984375,0.02470231056213379,0.02363753318786621
worker10,worker7,0.04439258575439453,0.020308732986450195,0.024083852767944336
worker10,worker7,0.04481220245361328,0.021671056747436523,0.023141145706176758
worker10,worker7,0.045043230056762695,0.02515387535095215,0.019889354705810547
worker10,worker7,0.04372286796569824,0.02366185188293457,0.020061016082763672
worker10,worker7,0.044317007064819336,0.02014327049255371,0.024173736572265625
worker10,worker7,0.03703188896179199,0.017435312271118164,0.019596576690673828
worker10,worker7,0.07096314430236816,0.030224323272705078,0.040738821029663086
worker10,worker7,0.04611968994140625,0.0272216796875,0.01889801025390625
worker10,worker7,0.05069136619567871,0.029942989349365234,0.020748376846313477
worker10,worker7,0.04062342643737793,0.021481037139892578,0.01914238929748535
worker10,worker7,0.03363943099975586,0.017098188400268555,0.016541242599487305
worker10,worker7,0.07925271987915039,0.040825605392456055,0.038427114486694336
worker10,worker7,0.1352853775024414,0.07052755355834961,0.0647578239440918
worker10,worker7,0.036246299743652344,0.018509864807128906,0.017736434936523438
worker10,worker7,0.1473853588104248,0.1043245792388916,0.0430607795715332
worker11,worker7,0.0346064567565918,0.018424272537231445,0.01618218421936035
worker10,worker7,0.044379234313964844,0.02081918716430664,0.023560047149658203
worker10,worker7,0.03704500198364258,0.018587112426757812,0.018457889556884766
worker10,worker7,0.04167985916137695,0.02121424674987793,0.020465612411499023
worker10,worker7,0.04241180419921875,0.021375656127929688,0.021036148071289062
worker10,worker7,0.04395031929016113,0.023966073989868164,0.01998424530029297
worker10,worker7,0.038161277770996094,0.018539905548095703,0.01962137222290039
worker11,worker7,0.047864437103271484,0.026426315307617188,0.021438121795654297
worker10,worker7,0.0389561653137207,0.017823219299316406,0.021132946014404297
worker10,worker7,0.03951263427734375,0.020670175552368164,0.018842458724975586
worker11,worker7,0.05392932891845703,0.027820587158203125,0.026108741760253906
worker10,worker7,0.04543590545654297,0.023923635482788086,0.021512269973754883
worker10,worker7,0.03409981727600098,0.01802229881286621,0.016077518463134766
worker10,worker7,0.038871049880981445,0.021799325942993164,0.01707172393798828
worker19,worker7,0.04453754425048828,0.025280237197875977,0.019257307052612305
worker10,worker7,0.06075263023376465,0.020310640335083008,0.04044198989868164
worker10,worker7,0.04441571235656738,0.02287745475769043,0.021538257598876953
worker10,worker7,0.0368189811706543,0.018282413482666016,0.01853656768798828
worker10,worker7,0.040647268295288086,0.019132614135742188,0.0215146541595459
worker10,worker7,0.041866302490234375,0.021543502807617188,0.020322799682617188
worker10,worker7,0.05139565467834473,0.02559494972229004,0.025800704956054688
worker10,worker7,0.03815793991088867,0.019869327545166016,0.018288612365722656
worker10,worker7,0.050598859786987305,0.020644664764404297,0.029954195022583008
worker10,worker7,0.04349374771118164,0.022485971450805664,0.021007776260375977
worker10,worker7,0.03625178337097168,0.018884897232055664,0.017366886138916016
worker20,worker7,0.05085110664367676,0.030871152877807617,0.01997995376586914
worker10,worker7,0.055468082427978516,0.023612022399902344,0.03185606002807617
worker10,worker7,0.05993533134460449,0.03430032730102539,0.0256350040435791
worker10,worker7,0.22241926193237305,0.17043066024780273,0.05198860168457031
worker10,worker7,0.0399014949798584,0.019205093383789062,0.020696401596069336
worker10,worker7,0.20293974876403809,0.04593968391418457,0.15700006484985352
worker10,worker7,0.04317617416381836,0.0223844051361084,0.02079176902770996
worker10,worker7,0.03950047492980957,0.02247023582458496,0.01703023910522461
worker18,worker17,0.04619455337524414,0.026423931121826172,0.01977062225341797
worker3,worker17,0.060941219329833984,0.02242588996887207,0.038515329360961914
worker10,worker17,0.04064631462097168,0.019745349884033203,0.020900964736938477
worker18,worker17,0.04539132118225098,0.019364356994628906,0.02602696418762207
worker10,worker17,0.039115190505981445,0.019458770751953125,0.01965641975402832
worker11,worker17,0.03798937797546387,0.019844532012939453,0.018144845962524414
worker11,worker17,0.03513169288635254,0.01647663116455078,0.018655061721801758
worker14,worker2,0.03976917266845703,0.0200350284576416,0.01973414421081543
worker10,worker4,0.04184150695800781,0.02214670181274414,0.019694805145263672
worker10,worker8,0.10677647590637207,0.038712501525878906,0.06806397438049316
worker19,worker1,0.06341075897216797,0.0309450626373291,0.03246569633483887
worker19,worker1,0.0472259521484375,0.025310754776000977,0.021915197372436523
worker19,worker1,0.03884458541870117,0.020296573638916016,0.018548011779785156
worker19,worker1,0.03672671318054199,0.01985311508178711,0.016873598098754883
worker19,worker1,0.04098773002624512,0.020344257354736328,0.02064347267150879
worker19,worker1,0.03911733627319336,0.021507740020751953,0.017609596252441406
worker19,worker1,0.03466153144836426,0.017879009246826172,0.016782522201538086
worker19,worker1,0.046987295150756836,0.030258655548095703,0.016728639602661133
worker19,worker1,0.04373431205749512,0.02297353744506836,0.020760774612426758
worker19,worker8,0.04711174964904785,0.025882720947265625,0.021229028701782227
worker16,worker8,185.00400257110596,81.47161102294922,103.53239154815674
worker1,worker8,377.1607496738434,377.11272740364075,0.04802227020263672
worker12,worker7,0.03563213348388672,0.01822066307067871,0.017411470413208008
worker12,worker8,0.04172849655151367,0.018559694290161133,0.02316880226135254
worker12,worker21,0.03521609306335449,0.018462181091308594,0.0167539119720459
worker12,worker3,0.15993571281433105,0.0923769474029541,0.06755876541137695
worker19,worker3,0.037905216217041016,0.019807100296020508,0.018098115921020508
worker12,worker3,0.04610466957092285,0.028249740600585938,0.017854928970336914
worker12,worker3,0.041578054428100586,0.02286529541015625,0.018712759017944336
worker17,worker21,0.0417940616607666,0.023451566696166992,0.01834249496459961
worker12,worker21,0.03506350517272949,0.01869058609008789,0.0163729190826416
worker12,worker21,0.03595232963562012,0.018075942993164062,0.017876386642456055
worker8,worker2,0.051120758056640625,0.024907350540161133,0.026213407516479492
worker19,worker21,0.04362297058105469,0.020792722702026367,0.02283024787902832
worker19,worker21,0.03457021713256836,0.018549203872680664,0.016021013259887695
worker12,worker16,0.03446459770202637,0.019044160842895508,0.01542043685913086
worker17,worker21,0.036450862884521484,0.01961064338684082,0.016840219497680664
worker17,worker2,0.042383432388305664,0.020232677459716797,0.022150754928588867
worker8,worker21,0.039402008056640625,0.017679929733276367,0.021722078323364258
worker8,worker21,0.04245901107788086,0.022331714630126953,0.020127296447753906
worker19,worker7,0.033121347427368164,0.017530441284179688,0.015590906143188477
worker12,worker7,0.04160761833190918,0.019459247589111328,0.02214837074279785
worker1,worker8,0.03521609306335449,0.018611669540405273,0.01660442352294922
worker19,worker18,0.0400390625,0.02283191680908203,0.01720714569091797
worker17,worker3,0.03948545455932617,0.019628047943115234,0.019857406616210938
worker12,worker3,0.03491687774658203,0.020359039306640625,0.014557838439941406
worker12,worker3,0.03425192832946777,0.018237829208374023,0.01601409912109375
worker12,worker3,0.03899693489074707,0.01914215087890625,0.01985478401184082
worker12,worker3,0.03244423866271973,0.017662763595581055,0.014781475067138672
worker12,worker3,0.04255247116088867,0.024697065353393555,0.017855405807495117
worker12,worker7,0.038893699645996094,0.02199697494506836,0.016896724700927734
worker12,worker16,0.03460502624511719,0.0188751220703125,0.015729904174804688
worker19,worker16,0.038657188415527344,0.021240234375,0.017416954040527344
worker12,worker16,0.03665566444396973,0.019717693328857422,0.016937971115112305
worker8,worker21,0.037262916564941406,0.018900632858276367,0.01836228370666504
worker12,worker16,0.062422752380371094,0.025313377380371094,0.037109375
worker12,worker16,0.0404963493347168,0.02088141441345215,0.01961493492126465
worker12,worker16,0.04402589797973633,0.025996923446655273,0.018028974533081055
worker12,worker16,0.038753509521484375,0.020255327224731445,0.01849818229675293
worker12,worker7,0.04274463653564453,0.021006107330322266,0.021738529205322266
worker12,worker16,0.03911542892456055,0.019212961196899414,0.019902467727661133
worker12,worker16,0.03773331642150879,0.01875472068786621,0.018978595733642578
worker12,worker7,0.035108327865600586,0.01733994483947754,0.017768383026123047
worker1,worker7,0.04167580604553223,0.018347740173339844,0.023328065872192383
worker19,worker3,0.04848289489746094,0.025914430618286133,0.022568464279174805
worker1,worker3,0.044194698333740234,0.021758556365966797,0.022436141967773438
worker12,worker18,0.036221981048583984,0.019598722457885742,0.016623258590698242
worker8,worker7,0.03562521934509277,0.018831729888916016,0.016793489456176758
worker8,worker21,0.042166948318481445,0.0236208438873291,0.018546104431152344
worker18,worker7,0.05509066581726074,0.029447317123413086,0.025643348693847656
worker15,worker7,0.03660941123962402,0.01948857307434082,0.017120838165283203
worker12,worker7,0.11853170394897461,0.04739737510681152,0.07113432884216309
worker12,worker7,0.0337522029876709,0.016550302505493164,0.017201900482177734
worker12,worker7,0.039714813232421875,0.02205204963684082,0.017662763595581055
worker8,worker7,0.04278254508972168,0.02315354347229004,0.01962900161743164
worker12,worker7,0.0413966178894043,0.019941329956054688,0.02145528793334961
worker12,worker7,0.040784597396850586,0.021682262420654297,0.01910233497619629
worker8,worker7,0.04105639457702637,0.02275538444519043,0.018301010131835938
worker12,worker7,0.045053958892822266,0.018120527267456055,0.02693343162536621
worker12,worker7,0.08063530921936035,0.039702415466308594,0.04093289375305176
worker12,worker7,0.04060840606689453,0.023628711700439453,0.016979694366455078
worker12,worker7,0.03403735160827637,0.017843008041381836,0.01619434356689453
worker12,worker7,0.041837453842163086,0.02144789695739746,0.020389556884765625
worker12,worker7,0.0449826717376709,0.023660898208618164,0.021321773529052734
worker12,worker7,0.03453373908996582,0.01860332489013672,0.0159304141998291
worker12,worker7,0.03701925277709961,0.019654273986816406,0.017364978790283203
worker8,worker7,0.040393829345703125,0.021156787872314453,0.019237041473388672
worker12,worker7,0.05301189422607422,0.02135014533996582,0.0316617488861084
worker12,worker7,0.038611650466918945,0.02171158790588379,0.016900062561035156
worker12,worker7,0.04231739044189453,0.021492958068847656,0.020824432373046875
worker12,worker15,0.15583133697509766,0.04997086524963379,0.10586047172546387
worker12,worker15,0.07399535179138184,0.04438328742980957,0.029612064361572266
worker12,worker15,0.042043447494506836,0.02283453941345215,0.019208908081054688
worker12,worker15,0.03891611099243164,0.021307706832885742,0.0176084041595459
worker12,worker15,0.035784244537353516,0.018360137939453125,0.01742410659790039
worker17,worker15,0.04124951362609863,0.02126908302307129,0.019980430603027344
worker12,worker15,0.0412445068359375,0.020113706588745117,0.021130800247192383
worker12,worker15,0.03874516487121582,0.01989603042602539,0.01884913444519043
worker12,worker15,0.03637051582336426,0.017971038818359375,0.018399477005004883
worker12,worker15,0.05790877342224121,0.03055858612060547,0.027350187301635742
worker13,worker15,0.03628659248352051,0.019985198974609375,0.016301393508911133
worker12,worker15,0.0600283145904541,0.03136634826660156,0.02866196632385254
worker12,worker19,0.03607058525085449,0.017629623413085938,0.018440961837768555
worker2,worker19,0.035920143127441406,0.019290924072265625,0.01662921905517578
worker12,worker19,0.036151885986328125,0.01811361312866211,0.018038272857666016
worker12,worker19,0.04968833923339844,0.026264190673828125,0.023424148559570312
worker7,worker1,0.048957109451293945,0.0192263126373291,0.029730796813964844
worker8,worker7,0.03935718536376953,0.021182775497436523,0.018174409866333008
worker8,worker19,0.039084672927856445,0.018999338150024414,0.02008533477783203
worker12,worker19,0.04535031318664551,0.02202153205871582,0.023328781127929688
worker12,worker19,0.03571748733520508,0.018135547637939453,0.017581939697265625
worker12,worker7,0.03240823745727539,0.017636775970458984,0.014771461486816406
worker12,worker7,0.04379129409790039,0.0194394588470459,0.024351835250854492
worker12,worker7,0.04016757011413574,0.021358966827392578,0.018808603286743164
worker12,worker7,0.07096982002258301,0.017712116241455078,0.05325770378112793
worker12,worker7,0.16830801963806152,0.06932806968688965,0.09897994995117188
worker13,worker7,0.040192365646362305,0.023504018783569336,0.01668834686279297
worker12,worker7,0.04329395294189453,0.020584821701049805,0.022709131240844727
worker12,worker7,0.0446929931640625,0.022058486938476562,0.022634506225585938
worker8,worker7,0.03732609748840332,0.02127981185913086,0.01604628562927246
worker6,worker9,0.04556727409362793,0.021902084350585938,0.023665189743041992
worker6,worker9,0.04152989387512207,0.024309396743774414,0.017220497131347656
worker17,worker9,0.0372166633605957,0.01983809471130371,0.017378568649291992
worker1,worker9,60.02942609786987,6.556320428848267,53.473105669021606
worker8,worker9,0.03556418418884277,0.018335580825805664,0.01722860336303711
worker8,worker11,0.04680800437927246,0.027181386947631836,0.019626617431640625
worker1,worker9,0.04243588447570801,0.02296304702758789,0.019472837448120117
worker15,worker9,0.04163074493408203,0.020763158798217773,0.020867586135864258
worker15,worker9,0.042752981185913086,0.022684097290039062,0.020068883895874023
worker15,worker9,0.0653531551361084,0.0459742546081543,0.0193789005279541
worker15,worker9,0.04819083213806152,0.030734777450561523,0.0174560546875
worker15,worker9,0.04842972755432129,0.026303529739379883,0.022126197814941406
worker15,worker9,0.04610443115234375,0.021016836166381836,0.025087594985961914
worker15,worker9,0.043761253356933594,0.020812511444091797,0.022948741912841797
worker15,worker9,0.041965484619140625,0.019809722900390625,0.02215576171875
worker15,worker9,0.03680777549743652,0.020776987075805664,0.01603078842163086
worker15,worker9,0.03846287727355957,0.020319223403930664,0.018143653869628906
worker15,worker9,0.03678774833679199,0.018418312072753906,0.018369436264038086
worker15,worker9,0.03909468650817871,0.01796746253967285,0.02112722396850586
worker15,worker9,0.041045427322387695,0.021282672882080078,0.019762754440307617
worker15,worker9,0.060741424560546875,0.026567459106445312,0.03417396545410156
worker15,worker9,0.03931283950805664,0.020509004592895508,0.018803834915161133
worker15,worker9,0.04646015167236328,0.02850341796875,0.01795673370361328
worker15,worker9,0.06241607666015625,0.022296667098999023,0.04011940956115723
worker15,worker9,0.039957523345947266,0.01955103874206543,0.020406484603881836
worker15,worker9,0.04616117477416992,0.026508808135986328,0.019652366638183594
worker15,worker9,0.03700113296508789,0.019669055938720703,0.017332077026367188
worker15,worker9,0.04325294494628906,0.020145416259765625,0.023107528686523438
worker1,worker9,0.1539287567138672,0.1145329475402832,0.039395809173583984
worker15,worker12,0.040291786193847656,0.021108627319335938,0.01918315887451172
worker1,worker4,0.03795456886291504,0.017982006072998047,0.019972562789916992
worker1,worker19,0.038129329681396484,0.019527673721313477,0.018601655960083008
worker1,worker4,0.03798365592956543,0.02039170265197754,0.01759195327758789
worker1,worker9,0.052642822265625,0.03489947319030762,0.017743349075317383
worker1,worker4,0.04367780685424805,0.023902416229248047,0.019775390625
worker1,worker4,0.04342365264892578,0.020797252655029297,0.022626399993896484
worker1,worker4,0.04204702377319336,0.01914215087890625,0.02290487289428711
worker1,worker12,0.036508798599243164,0.019040584564208984,0.01746821403503418
worker1,worker9,0.04114532470703125,0.01780843734741211,0.02333688735961914
worker1,worker9,0.048783302307128906,0.020613670349121094,0.028169631958007812
worker1,worker4,0.11748886108398438,0.06722116470336914,0.050267696380615234
worker1,worker14,0.040006399154663086,0.01981329917907715,0.020193099975585938
worker1,worker14,0.07828998565673828,0.04034161567687988,0.0379483699798584
worker1,worker9,0.09854340553283691,0.04809379577636719,0.05044960975646973
worker1,worker4,0.043051719665527344,0.02414417266845703,0.018907546997070312
worker1,worker4,0.07076120376586914,0.022330760955810547,0.048430442810058594
worker1,worker4,0.055959224700927734,0.0384066104888916,0.017552614212036133
worker1,worker11,0.039482831954956055,0.019841909408569336,0.01964092254638672
worker9,worker19,178.81426692008972,9.239782571792603,169.57448434829712
worker11,worker16,0.03802633285522461,0.01853632926940918,0.01949000358581543
worker1,worker18,0.04552268981933594,0.021455049514770508,0.02406764030456543
worker1,worker3,0.03573179244995117,0.019565582275390625,0.016166210174560547
worker1,worker7,0.049353837966918945,0.024179458618164062,0.025174379348754883
worker1,worker11,0.10609555244445801,0.051667213439941406,0.0544283390045166
worker1,worker4,0.07503867149353027,0.03054070472717285,0.04449796676635742
worker1,worker11,0.03966546058654785,0.019895553588867188,0.019769906997680664
worker1,worker7,0.03664207458496094,0.018036842346191406,0.01860523223876953
worker1,worker4,0.04201459884643555,0.020962953567504883,0.021051645278930664
worker1,worker3,0.08237051963806152,0.03444838523864746,0.04792213439941406
worker1,worker4,0.21731162071228027,0.17958664894104004,0.037724971771240234
worker1,worker15,0.04460453987121582,0.02184915542602539,0.02275538444519043
worker1,worker18,0.04510235786437988,0.02177119255065918,0.023331165313720703
worker1,worker18,0.04668402671813965,0.022393226623535156,0.024290800094604492
worker1,worker18,0.039597511291503906,0.020812034606933594,0.018785476684570312
worker1,worker18,0.09108805656433105,0.03127169609069824,0.05981636047363281
worker1,worker18,0.04148268699645996,0.022161006927490234,0.019321680068969727
worker1,worker18,0.08045721054077148,0.024752140045166016,0.05570507049560547
worker1,worker18,0.05492591857910156,0.02774643898010254,0.027179479598999023
worker1,worker18,0.04498100280761719,0.020963430404663086,0.0240175724029541
worker1,worker18,0.044419288635253906,0.02039170265197754,0.024027585983276367
worker1,worker18,0.04213404655456543,0.023937225341796875,0.018196821212768555
worker1,worker18,0.04643607139587402,0.022781848907470703,0.02365422248840332
worker1,worker18,0.10512042045593262,0.05602550506591797,0.04909491539001465
worker1,worker18,0.060762643814086914,0.04089713096618652,0.01986551284790039
worker1,worker18,0.04442930221557617,0.023845434188842773,0.0205838680267334
worker1,worker15,0.044617652893066406,0.021018028259277344,0.023599624633789062
worker1,worker18,0.053971290588378906,0.02291083335876465,0.031060457229614258
worker1,worker18,0.047772884368896484,0.030175447463989258,0.017597436904907227
worker1,worker18,0.043633460998535156,0.023797273635864258,0.0198361873626709
worker1,worker18,0.0388638973236084,0.019021034240722656,0.019842863082885742
worker1,worker18,0.0397186279296875,0.018633365631103516,0.021085262298583984
worker1,worker21,0.04237079620361328,0.025334835052490234,0.017035961151123047
worker1,worker18,0.05699634552001953,0.033247947692871094,0.023748397827148438
worker1,worker18,0.042165279388427734,0.023789644241333008,0.018375635147094727
worker1,worker18,0.05774116516113281,0.027472257614135742,0.03026890754699707
worker1,worker18,0.04779624938964844,0.028328418731689453,0.019467830657958984
worker1,worker18,0.04158639907836914,0.018887758255004883,0.022698640823364258
worker1,worker18,0.11483192443847656,0.042789459228515625,0.07204246520996094
worker1,worker18,0.03996539115905762,0.020934581756591797,0.01903080940246582
worker1,worker18,0.03826642036437988,0.018550634384155273,0.01971578598022461
worker1,worker18,0.03986334800720215,0.016571760177612305,0.023291587829589844
worker1,worker18,0.04296541213989258,0.020543336868286133,0.022422075271606445
worker1,worker18,0.037847042083740234,0.02088141441345215,0.016965627670288086
worker1,worker18,0.046173810958862305,0.02124929428100586,0.024924516677856445
worker1,worker7,0.04227757453918457,0.021347522735595703,0.020930051803588867
worker1,worker18,0.04175877571105957,0.02167224884033203,0.02008652687072754
worker1,worker3,0.05410909652709961,0.03456234931945801,0.0195467472076416
worker1,worker3,0.04762578010559082,0.021773576736450195,0.025852203369140625
worker1,worker18,0.04860877990722656,0.019129514694213867,0.029479265213012695
worker1,worker7,0.10244250297546387,0.04249119758605957,0.0599513053894043
worker1,worker8,0.03629422187805176,0.02001047134399414,0.016283750534057617
worker1,worker8,0.0502629280090332,0.027119159698486328,0.023143768310546875
worker11,worker3,0.038819074630737305,0.02055811882019043,0.018260955810546875
worker11,worker3,0.0397953987121582,0.021448373794555664,0.01834702491760254
worker11,worker10,0.0420527458190918,0.018069028854370117,0.02398371696472168
worker11,worker16,0.043051958084106445,0.021497011184692383,0.021554946899414062
worker11,worker7,0.05003643035888672,0.01867532730102539,0.03136110305786133
worker11,worker20,0.03915548324584961,0.02079629898071289,0.01835918426513672
worker11,worker3,0.051519155502319336,0.023726463317871094,0.027792692184448242
worker11,worker16,0.04657793045043945,0.023420333862304688,0.023157596588134766
worker19,worker3,0.04352569580078125,0.02227926254272461,0.02124643325805664
worker10,worker16,0.03820490837097168,0.0198671817779541,0.018337726593017578
worker11,worker10,0.038497209548950195,0.019170522689819336,0.01932668685913086
worker10,worker17,0.039035797119140625,0.018607616424560547,0.020428180694580078
worker11,worker3,0.051316261291503906,0.03208565711975098,0.01923060417175293
worker11,worker15,0.08268284797668457,0.05810117721557617,0.0245816707611084
worker19,worker8,0.42954254150390625,0.2295680046081543,0.19997453689575195
worker12,worker2,0.1861109733581543,0.11246418952941895,0.07364678382873535
worker11,worker3,0.03897976875305176,0.019138097763061523,0.019841670989990234
worker11,worker3,0.1247568130493164,0.06794190406799316,0.05681490898132324
worker11,worker3,0.052726030349731445,0.03162980079650879,0.021096229553222656
worker11,worker3,0.08043670654296875,0.04113650321960449,0.03930020332336426
worker11,worker20,0.04307961463928223,0.021189212799072266,0.02189040184020996
worker11,worker2,0.03556561470031738,0.01749587059020996,0.018069744110107422
worker18,worker8,252.88089036941528,56.09397554397583,196.78691482543945
worker10,worker3,0.016756057739257812,0.009229183197021484,0.007526874542236328
worker10,worker3,0.024793624877929688,0.016839027404785156,0.007954597473144531
worker10,worker9,0.015876293182373047,0.008960247039794922,0.006916046142578125
worker10,worker3,0.016631603240966797,0.008387565612792969,0.008244037628173828
worker10,worker3,0.020466327667236328,0.01091766357421875,0.009548664093017578
worker10,worker17,0.017449617385864258,0.00954890251159668,0.007900714874267578
worker11,worker9,0.016273975372314453,0.009427070617675781,0.006846904754638672
worker11,worker17,0.015566587448120117,0.008695363998413086,0.006871223449707031
worker10,worker17,0.01570892333984375,0.008454561233520508,0.007254362106323242
worker17,worker9,0.016175508499145508,0.008932113647460938,0.00724339485168457
worker12,worker9,0.015199661254882812,0.008396387100219727,0.006803274154663086
worker10,worker9,0.015296220779418945,0.008400201797485352,0.006896018981933594
worker10,worker3,0.02363300323486328,0.00816202163696289,0.01547098159790039
worker10,worker3,0.015105724334716797,0.008321762084960938,0.006783962249755859
worker10,worker9,0.016236543655395508,0.009009838104248047,0.007226705551147461
worker10,worker9,0.01638484001159668,0.009172677993774414,0.007212162017822266
worker10,worker17,0.015442371368408203,0.008386373519897461,0.007055997848510742
worker9,worker17,0.01548004150390625,0.008471250534057617,0.007008790969848633
worker10,worker17,0.016512632369995117,0.008966445922851562,0.007546186447143555
worker10,worker3,0.016070842742919922,0.008606433868408203,0.007464408874511719
worker10,worker3,0.017454147338867188,0.009506702423095703,0.007947444915771484
worker12,worker121,0.05115485191345215,0.03183889389038086,0.01931595802307129
worker10,worker3,0.015148162841796875,0.008176803588867188,0.0069713592529296875
worker10,worker17,0.016187429428100586,0.008332490921020508,0.007854938507080078
worker10,worker121,0.015611648559570312,0.00865030288696289,0.006961345672607422
worker10,worker3,0.016809463500976562,0.009281158447265625,0.0075283050537109375
worker10,worker17,0.015787124633789062,0.008949041366577148,0.006838083267211914
worker20,worker17,0.014917850494384766,0.00824284553527832,0.006675004959106445
worker10,worker17,0.015840768814086914,0.008748292922973633,0.007092475891113281
worker9,worker17,0.01581597328186035,0.008790731430053711,0.007025241851806641
worker10,worker17,0.01611328125,0.00841212272644043,0.00770115852355957
worker10,worker3,0.016814231872558594,0.008563041687011719,0.008251190185546875
worker10,worker17,0.01608562469482422,0.008884906768798828,0.007200717926025391
worker10,worker121,0.015844106674194336,0.008519887924194336,0.00732421875
worker10,worker17,0.01554417610168457,0.008229494094848633,0.0073146820068359375
worker10,worker3,0.016324520111083984,0.008689641952514648,0.007634878158569336
worker10,worker3,0.01593804359436035,0.00850367546081543,0.007434368133544922
worker9,worker17,0.016615867614746094,0.009397506713867188,0.007218360900878906
worker9,worker17,0.015323400497436523,0.008387088775634766,0.006936311721801758
worker10,worker3,0.016037940979003906,0.009052038192749023,0.006985902786254883
worker10,worker17,0.016196727752685547,0.00917816162109375,0.007018566131591797
worker6,worker17,0.016336441040039062,0.008962869644165039,0.0073735713958740234
worker10,worker17,0.01619553565979004,0.00915384292602539,0.0070416927337646484
worker15,worker9,0.01937723159790039,0.01129460334777832,0.00808262825012207
worker10,worker7,0.01548147201538086,0.008278131484985352,0.007203340530395508
worker10,worker7,0.015638113021850586,0.008745670318603516,0.00689244270324707
worker10,worker13,0.016460180282592773,0.008913755416870117,0.007546424865722656
worker10,worker7,0.01639580726623535,0.008934974670410156,0.007460832595825195
worker10,worker7,0.04574751853942871,0.02395796775817871,0.02178955078125
worker12,worker121,0.01615595817565918,0.00897979736328125,0.00717616081237793
worker10,worker7,0.01516270637512207,0.00844883918762207,0.0067138671875
worker10,worker7,0.015755414962768555,0.008250236511230469,0.007505178451538086
worker10,worker7,0.0159451961517334,0.008831977844238281,0.007113218307495117
worker10,worker13,0.016530990600585938,0.009331226348876953,0.007199764251708984
worker10,worker7,0.019562244415283203,0.01191401481628418,0.0076482295989990234
worker14,worker8,0.015437841415405273,0.008376836776733398,0.007061004638671875
worker10,worker7,0.01657867431640625,0.008748769760131836,0.007829904556274414
worker10,worker13,0.01619744300842285,0.008522748947143555,0.007674694061279297
worker10,worker7,0.01633429527282715,0.00842595100402832,0.007908344268798828
worker10,worker121,0.01612544059753418,0.008434057235717773,0.007691383361816406
worker10,worker18,0.016121625900268555,0.00881338119506836,0.007308244705200195
worker11,worker3,0.015654325485229492,0.008583307266235352,0.007071018218994141
worker11,worker121,0.016726016998291016,0.009318351745605469,0.007407665252685547
worker11,worker3,0.016594409942626953,0.00942373275756836,0.007170677185058594
worker11,worker8,0.016109704971313477,0.008726119995117188,0.007383584976196289
worker18,worker11,0.014920234680175781,0.008135318756103516,0.006784915924072266
worker11,worker7,0.015244722366333008,0.008072376251220703,0.007172346115112305
worker10,worker18,0.015599727630615234,0.008465051651000977,0.007134675979614258
worker10,worker7,0.016553401947021484,0.008913040161132812,0.007640361785888672
worker10,worker18,0.03653573989868164,0.01889824867248535,0.01763749122619629
worker10,worker13,0.016030073165893555,0.008766889572143555,0.00726318359375
worker10,worker7,0.01584911346435547,0.00891876220703125,0.006930351257324219
worker10,worker18,0.015942096710205078,0.008858203887939453,0.007083892822265625
worker10,worker7,0.016085386276245117,0.008278608322143555,0.0078067779541015625
worker10,worker3,0.015572786331176758,0.008652448654174805,0.006920337677001953
worker10,worker7,0.015126705169677734,0.008211851119995117,0.006914854049682617
worker10,worker7,0.016803979873657227,0.009344339370727539,0.0074596405029296875
worker20,worker7,0.016206026077270508,0.009237527847290039,0.006968498229980469
worker10,worker7,0.016536951065063477,0.008868932723999023,0.007668018341064453
worker10,worker7,0.016724586486816406,0.009537935256958008,0.0071866512298583984
worker10,worker7,0.01644587516784668,0.009198427200317383,0.007247447967529297
worker10,worker18,0.015532970428466797,0.008688926696777344,0.006844043731689453
worker10,worker7,0.015467166900634766,0.008597612380981445,0.00686955451965332
worker17,worker9,0.016479969024658203,0.009513378143310547,0.006966590881347656
worker10,worker7,0.016589879989624023,0.009406089782714844,0.00718379020690918
worker10,worker7,0.016735315322875977,0.008872747421264648,0.007862567901611328
worker10,worker7,0.016065597534179688,0.009250879287719727,0.006814718246459961
worker10,worker7,0.04147005081176758,0.010545969009399414,0.030924081802368164
worker10,worker8,0.025008678436279297,0.012321710586547852,0.012686967849731445
worker10,worker7,0.015435218811035156,0.008581161499023438,0.006854057312011719
worker10,worker18,0.016218185424804688,0.00892186164855957,0.007296323776245117
worker10,worker18,0.03912186622619629,0.026366472244262695,0.012755393981933594
worker10,worker18,0.01633143424987793,0.009436607360839844,0.006894826889038086
worker14,worker18,477.7811653614044,39.66972875595093,438.1114366054535
worker10,worker3,0.015310525894165039,0.008320331573486328,0.006990194320678711
worker10,worker7,0.016406536102294922,0.008843421936035156,0.007563114166259766
worker10,worker3,0.015816211700439453,0.008636474609375,0.007179737091064453
worker10,worker7,0.02439260482788086,0.01271963119506836,0.0116729736328125
worker10,worker7,0.016644001007080078,0.009016036987304688,0.007627964019775391
worker10,worker7,0.016421794891357422,0.009070634841918945,0.0073511600494384766
worker10,worker3,0.01589512825012207,0.008317708969116211,0.007577419281005859
worker6,worker7,0.016500234603881836,0.009328126907348633,0.007172107696533203
worker10,worker3,0.016057729721069336,0.009044647216796875,0.007013082504272461
worker10,worker7,0.01689434051513672,0.009001493453979492,0.007892847061157227
worker10,worker3,0.015814781188964844,0.008700132369995117,0.0071146488189697266
worker10,worker3,0.01677846908569336,0.009244680404663086,0.0075337886810302734
worker10,worker3,0.015377283096313477,0.008475303649902344,0.006901979446411133
worker10,worker3,0.015311717987060547,0.008275985717773438,0.007035732269287109
worker10,worker7,0.016600847244262695,0.008614301681518555,0.00798654556274414
worker10,worker3,0.016575098037719727,0.009262800216674805,0.007312297821044922
worker10,worker8,0.016309738159179688,0.009232044219970703,0.007077693939208984
worker10,worker7,0.015865087509155273,0.008714675903320312,0.007150411605834961
worker10,worker3,0.015744924545288086,0.008152961730957031,0.007591962814331055
worker10,worker16,0.015330791473388672,0.008557796478271484,0.0067729949951171875
worker6,worker8,0.01933908462524414,0.009850263595581055,0.009488821029663086
worker10,worker8,0.015959501266479492,0.008884191513061523,0.007075309753417969
worker10,worker3,0.01656508445739746,0.009665250778198242,0.006899833679199219
worker10,worker3,0.01569676399230957,0.008457183837890625,0.007239580154418945
worker10,worker3,0.01615738868713379,0.0087127685546875,0.007444620132446289
worker10,worker8,0.0168917179107666,0.008784055709838867,0.008107662200927734
worker10,worker8,0.01902914047241211,0.01039576530456543,0.00863337516784668
worker10,worker3,0.016556501388549805,0.008862495422363281,0.0076940059661865234
worker10,worker8,0.015973806381225586,0.008893728256225586,0.007080078125
worker10,worker3,0.018035173416137695,0.01029205322265625,0.007743120193481445
worker10,worker3,0.01793193817138672,0.010262250900268555,0.007669687271118164
worker10,worker3,0.015609025955200195,0.008362531661987305,0.007246494293212891
worker10,worker8,0.016224145889282227,0.008365631103515625,0.007858514785766602
worker10,worker3,0.019037961959838867,0.010929346084594727,0.00810861587524414
worker10,worker3,0.015496015548706055,0.008510351181030273,0.006985664367675781
worker10,worker8,0.01561880111694336,0.008611679077148438,0.007007122039794922
worker10,worker8,0.016086101531982422,0.008267641067504883,0.007818460464477539
worker10,worker3,0.01613020896911621,0.009124517440795898,0.0070056915283203125
worker10,worker7,0.0168001651763916,0.009594202041625977,0.007205963134765625
worker10,worker8,0.015828371047973633,0.008976936340332031,0.0068514347076416016
worker10,worker3,0.022700071334838867,0.01329493522644043,0.009405136108398438
worker10,worker3,0.016696929931640625,0.008679389953613281,0.008017539978027344
worker10,worker8,0.016294240951538086,0.009528160095214844,0.006766080856323242
worker10,worker3,0.019633769989013672,0.01104593276977539,0.008587837219238281
worker10,worker8,0.016666889190673828,0.009388923645019531,0.007277965545654297
worker10,worker3,0.01804184913635254,0.008678436279296875,0.009363412857055664
worker10,worker3,0.016744136810302734,0.009585857391357422,0.0071582794189453125
worker10,worker3,0.017034292221069336,0.008962154388427734,0.008072137832641602
worker10,worker3,0.019443988800048828,0.011878490447998047,0.007565498352050781
worker10,worker3,0.015537500381469727,0.008501291275024414,0.0070362091064453125
worker10,worker3,0.015130043029785156,0.008350372314453125,0.006779670715332031
worker10,worker8,0.015115737915039062,0.008347511291503906,0.006768226623535156
worker10,worker3,0.016468524932861328,0.009260177612304688,0.007208347320556641
worker10,worker3,0.019537687301635742,0.008666515350341797,0.010871171951293945
worker10,worker3,0.016484498977661133,0.008602380752563477,0.007882118225097656
worker10,worker3,0.015594005584716797,0.008718729019165039,0.006875276565551758
worker10,worker7,0.015433788299560547,0.008199214935302734,0.0072345733642578125
worker10,worker3,0.015868425369262695,0.009060382843017578,0.006808042526245117
worker10,worker3,0.015863418579101562,0.008514642715454102,0.007348775863647461
worker10,worker3,0.0162813663482666,0.008877754211425781,0.00740361213684082
worker10,worker3,0.015405893325805664,0.008531332015991211,0.006874561309814453
worker10,worker8,0.01703643798828125,0.009116411209106445,0.007920026779174805
worker10,worker8,0.015317201614379883,0.00852823257446289,0.006788969039916992
worker10,worker3,0.018807411193847656,0.00912165641784668,0.009685754776000977
worker10,worker7,0.015255451202392578,0.008150100708007812,0.007105350494384766
worker10,worker3,0.016015291213989258,0.008921146392822266,0.007094144821166992
worker10,worker7,0.016576051712036133,0.009377002716064453,0.00719904899597168
worker10,worker7,0.014985799789428711,0.008196830749511719,0.006788969039916992
worker10,worker7,0.016948699951171875,0.009122133255004883,0.007826566696166992
worker10,worker7,0.015049457550048828,0.008196592330932617,0.006852865219116211
worker6,worker8,0.016772031784057617,0.008671283721923828,0.008100748062133789
worker10,worker7,0.016103744506835938,0.008401155471801758,0.00770258903503418
worker10,worker3,0.015919208526611328,0.008804798126220703,0.007114410400390625
worker10,worker3,0.016254663467407227,0.009284496307373047,0.00697016716003418
worker10,worker16,0.016182422637939453,0.008964776992797852,0.0072176456451416016
worker10,worker7,0.015598297119140625,0.008749246597290039,0.006849050521850586
worker10,worker3,0.017083406448364258,0.009694814682006836,0.007388591766357422
worker10,worker7,0.016414880752563477,0.009174108505249023,0.007240772247314453
worker10,worker7,0.015840768814086914,0.008759260177612305,0.007081508636474609
worker10,worker7,0.01554560661315918,0.00881195068359375,0.00673365592956543
worker10,worker7,0.019284963607788086,0.011744260787963867,0.007540702819824219
worker10,worker7,0.018552780151367188,0.010405302047729492,0.008147478103637695
worker10,worker7,0.01625990867614746,0.008874893188476562,0.0073850154876708984
worker10,worker7,0.015164375305175781,0.008442878723144531,0.00672149658203125
worker10,worker3,0.016327381134033203,0.008850812911987305,0.0074765682220458984
worker10,worker7,0.015297174453735352,0.008428335189819336,0.006868839263916016
worker10,worker7,0.023873329162597656,0.013924121856689453,0.009949207305908203
worker10,worker7,0.016600847244262695,0.009445667266845703,0.007155179977416992
worker10,worker3,0.016638994216918945,0.009404420852661133,0.0072345733642578125
worker10,worker7,0.016870737075805664,0.00949859619140625,0.007372140884399414
worker10,worker3,0.01717090606689453,0.010215044021606445,0.006955862045288086
worker10,worker7,0.016492605209350586,0.009385347366333008,0.007107257843017578
worker10,worker3,0.0156857967376709,0.00858163833618164,0.007104158401489258
worker10,worker7,0.016173124313354492,0.008720159530639648,0.007452964782714844
worker10,worker7,0.016081809997558594,0.008923530578613281,0.0071582794189453125
worker10,worker7,0.01662898063659668,0.009706258773803711,0.006922721862792969
worker10,worker8,0.015488386154174805,0.008469343185424805,0.00701904296875
worker10,worker3,0.01563262939453125,0.008527517318725586,0.007105112075805664
worker10,worker3,0.01850605010986328,0.010043621063232422,0.00846242904663086
worker10,worker16,0.01697850227355957,0.009773969650268555,0.007204532623291016
worker10,worker7,0.0162966251373291,0.009173870086669922,0.00712275505065918
worker10,worker7,0.01598834991455078,0.008738994598388672,0.007249355316162109
worker10,worker3,0.016890525817871094,0.009242057800292969,0.007648468017578125
worker10,worker7,0.015804529190063477,0.008797168731689453,0.0070073604583740234
worker10,worker7,0.015335559844970703,0.008370399475097656,0.006965160369873047
worker10,worker7,0.015627622604370117,0.008544445037841797,0.00708317756652832
worker10,worker8,0.016394853591918945,0.009252548217773438,0.007142305374145508
worker10,worker7,0.016307830810546875,0.009096145629882812,0.0072116851806640625
worker10,worker7,0.017256498336791992,0.009192228317260742,0.00806427001953125
worker10,worker7,0.015239953994750977,0.008486270904541016,0.006753683090209961
worker10,worker3,0.015614509582519531,0.008307218551635742,0.007307291030883789
worker10,worker6,0.015201091766357422,0.008347749710083008,0.006853342056274414
